{"loss": [0.7257797122001648, 0.7019692659378052, 0.7334529757499695, 0.726975679397583, 0.7325865030288696, 0.732361376285553, 0.7052677273750305, 0.7100830674171448, 0.7444249391555786, 0.745222806930542, 0.7375887632369995, 0.7012444734573364, 0.7399211525917053, 0.7242701649665833, 0.7849842309951782, 0.729167103767395, 0.7136597037315369, 0.7547369599342346, 0.7605523467063904, 0.7386239171028137, 0.7378740310668945, 0.7559115290641785, 0.7318589687347412, 0.7619857788085938, 0.7158697843551636, 0.7511802911758423, 0.7298279404640198, 0.7441719174385071, 0.7616239786148071, 0.7576385736465454, 0.7162556648254395, 0.7315422296524048, 0.7605785131454468, 0.7281065583229065, 0.7462437748908997, 0.7704268097877502, 0.7394523620605469, 0.7602604627609253, 0.7602000832557678, 0.7356246709823608], "out_class_loss": [0.320828378200531, 0.3084491789340973, 0.32263001799583435, 0.2988254427909851, 0.30337759852409363, 0.31694677472114563, 0.3018612861633301, 0.2941106855869293, 0.3286920487880707, 0.3206849694252014, 0.31256893277168274, 0.28816497325897217, 0.3197755813598633, 0.3114418387413025, 0.35969439148902893, 0.3143492341041565, 0.3011481761932373, 0.3294086754322052, 0.3455085754394531, 0.32338398694992065, 0.3079061806201935, 0.34077632427215576, 0.31479910016059875, 0.34520602226257324, 0.31757187843322754, 0.3481450080871582, 0.3072267770767212, 0.32480388879776, 0.3515775501728058, 0.33758389949798584, 0.3103964328765869, 0.31075701117515564, 0.3360016942024231, 0.3021557033061981, 0.32610586285591125, 0.32141968607902527, 0.31660279631614685, 0.3393654525279999, 0.3441523611545563, 0.31857830286026], "out_count_loss": [0.38865548372268677, 0.3771280348300934, 0.394307017326355, 0.4104933440685272, 0.4106479585170746, 0.397642582654953, 0.3855714201927185, 0.3974108397960663, 0.3975785970687866, 0.40495896339416504, 0.4055909216403961, 0.39259907603263855, 0.39967232942581177, 0.39167866110801697, 0.40364938974380493, 0.39406272768974304, 0.39112529158592224, 0.40387624502182007, 0.39301517605781555, 0.39330923557281494, 0.4077269434928894, 0.3930119574069977, 0.3948984444141388, 0.3956211507320404, 0.3752199113368988, 0.3784293830394745, 0.39852213859558105, 0.3939307630062103, 0.38357463479042053, 0.3952532112598419, 0.3786320984363556, 0.3945598006248474, 0.39621618390083313, 0.3974354863166809, 0.39211201667785645, 0.41955941915512085, 0.3919893801212311, 0.38931578397750854, 0.382159560918808, 0.3819805979728699], "out_location_loss": [0.01629568822681904, 0.016392070800065994, 0.016516009345650673, 0.017657076939940453, 0.018560847267508507, 0.01777213253080845, 0.017835009843111038, 0.018561558797955513, 0.018154175952076912, 0.019578883424401283, 0.019428901374340057, 0.020480379462242126, 0.020473387092351913, 0.021149635314941406, 0.02164052613079548, 0.020755140110850334, 0.021386360749602318, 0.021452056244015694, 0.022028548642992973, 0.02193066105246544, 0.022240836173295975, 0.022123167291283607, 0.02216143161058426, 0.021158700808882713, 0.023077866062521935, 0.024606097489595413, 0.024078963324427605, 0.025437278673052788, 0.026471760123968124, 0.02480154111981392, 0.027227263897657394, 0.026225345209240913, 0.028360474854707718, 0.028515202924609184, 0.02802586555480957, 0.0294477641582489, 0.03086017072200775, 0.031579259783029556, 0.03388797864317894, 0.03506578132510185], "out_class_accuracy": [0.873846173286438, 0.881538450717926, 0.8769230842590332, 0.88692307472229, 0.8846153616905212, 0.8830769062042236, 0.8823077082633972, 0.8846153616905212, 0.879230797290802, 0.8784615397453308, 0.88692307472229, 0.8838461637496948, 0.8753846287727356, 0.8807692527770996, 0.8615384697914124, 0.8769230842590332, 0.8853846192359924, 0.8715384602546692, 0.8692307472229004, 0.8769230842590332, 0.8807692527770996, 0.868461549282074, 0.8838461637496948, 0.8669230937957764, 0.879230797290802, 0.8692307472229004, 0.8853846192359924, 0.8769230842590332, 0.873846173286438, 0.8715384602546692, 0.88692307472229, 0.8746153712272644, 0.8700000047683716, 0.8838461637496948, 0.8769230842590332, 0.868461549282074, 0.8853846192359924, 0.8776922821998596, 0.8623076677322388, 0.8838461637496948], "out_count_mae": [0.4881860911846161, 0.48067617416381836, 0.4871473014354706, 0.4992404282093048, 0.49657076597213745, 0.490581750869751, 0.48413410782814026, 0.48745864629745483, 0.4877556562423706, 0.49704769253730774, 0.487261027097702, 0.4826717972755432, 0.48944059014320374, 0.4850894808769226, 0.48818284273147583, 0.4907696545124054, 0.48262953758239746, 0.4898107349872589, 0.48910221457481384, 0.4837859272956848, 0.50311279296875, 0.48426371812820435, 0.494868665933609, 0.4858182370662689, 0.4726864993572235, 0.47443801164627075, 0.4898679852485657, 0.48714718222618103, 0.4752844274044037, 0.48687753081321716, 0.4764394760131836, 0.48673227429389954, 0.4813174307346344, 0.49363890290260315, 0.48137202858924866, 0.49997982382774353, 0.4831058382987976, 0.48082298040390015, 0.47957557439804077, 0.4763363003730774], "out_location_mean_squared_error": [0.01629568822681904, 0.016392070800065994, 0.016516009345650673, 0.017657076939940453, 0.018560847267508507, 0.01777213253080845, 0.017835009843111038, 0.018561558797955513, 0.018154175952076912, 0.019578883424401283, 0.019428901374340057, 0.020480379462242126, 0.020473387092351913, 0.021149635314941406, 0.02164052613079548, 0.020755140110850334, 0.021386360749602318, 0.021452056244015694, 0.022028548642992973, 0.02193066105246544, 0.022240836173295975, 0.022123167291283607, 0.02216143161058426, 0.021158700808882713, 0.023077866062521935, 0.024606097489595413, 0.024078963324427605, 0.025437278673052788, 0.026471760123968124, 0.02480154111981392, 0.027227263897657394, 0.026225345209240913, 0.028360474854707718, 0.028515202924609184, 0.02802586555480957, 0.0294477641582489, 0.03086017072200775, 0.031579259783029556, 0.03388797864317894, 0.03506578132510185], "val_loss": [1.5267795324325562, 1.769747257232666, 1.5650352239608765, 1.6411995887756348, 2.213006019592285, 2.2562758922576904, 2.909590482711792, 2.2418808937072754, 2.5222158432006836, 3.169985771179199, 2.292414665222168, 2.7534637451171875, 1.0884559154510498, 2.5162699222564697, 2.9103875160217285, 2.225447177886963, 2.534210205078125, 2.6449170112609863, 2.199267864227295, 1.635257601737976, 1.5424138307571411, 2.3352370262145996, 2.4881811141967773, 2.1888420581817627, 2.544555425643921, 2.1142420768737793, 2.156923532485962, 3.5066680908203125, 2.422767400741577, 3.0988869667053223, 2.431633472442627, 2.1860480308532715, 1.890588641166687, 2.468865394592285, 1.7599209547042847, 3.246575117111206, 2.416456937789917, 2.384315252304077, 2.3555121421813965, 1.6938903331756592], "val_out_class_loss": [0.13308362662792206, 0.1852782815694809, 0.29562631249427795, 0.23874929547309875, 0.22510164976119995, 0.28637221455574036, 0.1442142277956009, 0.1813209503889084, 0.26746267080307007, 0.27166634798049927, 0.1919519454240799, 0.24176734685897827, 0.2208392173051834, 0.2682532072067261, 0.2303849160671234, 0.2694269120693207, 0.20275898277759552, 0.16585902869701385, 0.19159294664859772, 0.18507127463817596, 0.1716068983078003, 0.18550166487693787, 0.26317542791366577, 0.2556602358818054, 0.23459677398204803, 0.19648690521717072, 0.26869457960128784, 0.2886546850204468, 0.23625503480434418, 0.2651465833187103, 0.217941015958786, 0.32220518589019775, 0.3195039629936218, 0.263105571269989, 0.2112518548965454, 0.2221955507993698, 0.26036232709884644, 0.2548765242099762, 0.2190949022769928, 0.22708435356616974],